model,test_mse,int_par,var_y,rep_id
BCF,0.6235159937398282,0.5,2.656737485648187,0
BCF,0.7377004253398598,1.0,2.98380303948802,0
BCF,0.8570827994722272,1.5,3.359058985779403,0
BCF,0.9810500842398931,2.0,3.705053950946391,0
BCF,1.144173578666688,2.5,3.7921139509035644,0
BCF,1.2522771088715712,3.0,4.091467414875051,0
BCF,1.3820389998922031,3.5,4.339178115353387,0
BCF,1.489575505195511,3.99,4.491155341638532,0
BCF-MLP-large,1.093101309643846,0.5,2.656737485648187,0
BCF-MLP-large,1.0718031571590798,1.0,2.98380303948802,0
BCF-MLP-large,1.0692610987636528,1.5,3.359058985779403,0
BCF-MLP-large,1.0811557334304935,2.0,3.705053950946391,0
BCF-MLP-large,1.112749770859336,2.5,3.7921139509035644,0
BCF-MLP-large,1.1563191556846069,3.0,4.091467414875051,0
BCF-MLP-large,1.2103410547554991,3.5,4.339178115353387,0
BCF-MLP-large,1.263798604128929,3.99,4.491155341638532,0
IMP,1.0932636727019103,0.5,2.656737485648187,0
IMP,1.0932636727019105,1.0,2.98380303948802,0
IMP,1.0932636727019105,1.5,3.359058985779403,0
IMP,1.0932636727019105,2.0,3.705053950946391,0
IMP,1.0932636727019105,2.5,3.7921139509035644,0
IMP,1.0932636727019105,3.0,4.091467414875051,0
IMP,1.0932636727019103,3.5,4.339178115353387,0
IMP,1.0932636727019103,3.99,4.491155341638532,0
Causal,2.0135717262029518,0.5,2.656737485648187,0
Causal,2.0135717262029518,1.0,2.98380303948802,0
Causal,2.013571726202952,1.5,3.359058985779403,0
Causal,2.013571726202952,2.0,3.705053950946391,0
Causal,2.0135717262029518,2.5,3.7921139509035644,0
Causal,2.013571726202952,3.0,4.091467414875051,0
Causal,2.0135717262029518,3.5,4.339178115353387,0
Causal,2.0135717262029518,3.99,4.491155341638532,0
OLS,0.01714482611677884,0.5,2.656737485648187,0
OLS,0.5276990221346838,1.0,2.98380303948802,0
OLS,0.9828403337169205,1.5,3.359058985779403,0
OLS,1.3360253921579588,2.0,3.705053950946391,0
OLS,1.7651544236799934,2.5,3.7921139509035644,0
OLS,1.93284291337257,3.0,4.091467414875051,0
OLS,2.1504750224600904,3.5,4.339178115353387,0
OLS,2.2706608479468646,3.99,4.491155341638532,0
