model,test_mse,int_par,var_y,rep_id
BCF,0.8499373465875029,0.5,2.823578883920437,0
BCF,1.07133761256585,1.0,2.370457376916892,0
BCF,1.1222746789012452,1.5,2.128139145082414,0
BCF,1.1343889907158529,2.0,1.9394190366581638,0
BCF,1.1610714638435014,2.5,1.7155427520353792,0
BCF,1.1058967487303555,3.0,1.4073025028316384,0
BCF,0.9879523228570029,3.5,0.9418601985995096,0
BCF,0.97206505185634,3.99,0.4992028564043417,0
BCF-MLP-large,1.2570875903794778,0.5,2.823578883920437,0
BCF-MLP-large,1.208428057753728,1.0,2.370457376916892,0
BCF-MLP-large,1.1689726051655056,1.5,2.128139145082414,0
BCF-MLP-large,1.1401939365446578,2.0,1.9394190366581638,0
BCF-MLP-large,1.1117053581109309,2.5,1.7155427520353792,0
BCF-MLP-large,1.0792566904163459,3.0,1.4073025028316384,0
BCF-MLP-large,1.049836974661348,3.5,0.9418601985995096,0
BCF-MLP-large,1.0108679568715846,3.99,0.4992028564043417,0
IMP,1.03134674716743,0.5,2.823578883920437,0
IMP,1.03134674716743,1.0,2.370457376916892,0
IMP,1.03134674716743,1.5,2.128139145082414,0
IMP,1.03134674716743,2.0,1.9394190366581638,0
IMP,1.0313467471674302,2.5,1.7155427520353792,0
IMP,1.0313467471674302,3.0,1.4073025028316384,0
IMP,1.03134674716743,3.5,0.9418601985995096,0
IMP,1.0313467471674302,3.99,0.4992028564043417,0
Causal,2.1777627412830673,0.5,2.823578883920437,0
Causal,2.1777627412830673,1.0,2.370457376916892,0
Causal,2.177762741283068,1.5,2.128139145082414,0
Causal,2.1777627412830673,2.0,1.9394190366581638,0
Causal,2.1777627412830673,2.5,1.7155427520353792,0
Causal,2.177762741283068,3.0,1.4073025028316384,0
Causal,2.1777627412830673,3.5,0.9418601985995096,0
Causal,2.1777627412830673,3.99,0.4992028564043417,0
OLS,0.024761366083109485,0.5,2.823578883920437,0
OLS,0.5522420162193086,1.0,2.370457376916892,0
OLS,0.9553702984088214,1.5,2.128139145082414,0
OLS,1.3744140398608624,2.0,1.9394190366581638,0
OLS,1.727800649244223,2.5,1.7155427520353792,0
OLS,1.9932491398022054,3.0,1.4073025028316384,0
OLS,2.1423169977313936,3.5,0.9418601985995096,0
OLS,2.3614461937177875,3.99,0.4992028564043417,0
