model,test_mse,int_par,var_y,rep_id
BCF,0.9743863817180763,0.5,4.136340871465097,0
BCF,1.3456154030062766,1.0,3.4681818068252785,0
BCF,1.4300599235079137,1.5,3.016749145213366,0
BCF,1.4790994377899878,2.0,2.5640628790780173,0
BCF,1.4076473651031984,2.5,2.265670761031676,0
BCF,1.4393698712248346,3.0,1.9977739364125777,0
BCF,1.4332845931171865,3.5,1.777962462261039,0
BCF,1.367047538346325,3.99,1.649019452055627,0
BCF-MLP-large,1.2519211669048378,0.5,4.136340871465097,0
BCF-MLP-large,1.2284165734438142,1.0,3.4681818068252785,0
BCF-MLP-large,1.2220968642283832,1.5,3.016749145213366,0
BCF-MLP-large,1.20566957350499,2.0,2.5640628790780173,0
BCF-MLP-large,1.1775416085070673,2.5,2.265670761031676,0
BCF-MLP-large,1.1610116081744122,3.0,1.9977739364125777,0
BCF-MLP-large,1.1309335516881265,3.5,1.777962462261039,0
BCF-MLP-large,1.0971878702434579,3.99,1.649019452055627,0
IMP,1.1078550732654344,0.5,4.136340871465097,0
IMP,1.1078550732654344,1.0,3.4681818068252785,0
IMP,1.1078550732654344,1.5,3.016749145213366,0
IMP,1.1078550732654344,2.0,2.5640628790780173,0
IMP,1.1078550732654344,2.5,2.265670761031676,0
IMP,1.1078550732654344,3.0,1.9977739364125777,0
IMP,1.1078550732654344,3.5,1.777962462261039,0
IMP,1.1078550732654344,3.99,1.649019452055627,0
Causal,2.2256914317901293,0.5,4.136340871465097,0
Causal,2.2256914317901293,1.0,3.4681818068252785,0
Causal,2.2256914317901293,1.5,3.016749145213366,0
Causal,2.2256914317901293,2.0,2.5640628790780173,0
Causal,2.2256914317901293,2.5,2.265670761031676,0
Causal,2.2256914317901293,3.0,1.9977739364125777,0
Causal,2.2256914317901293,3.5,1.777962462261039,0
Causal,2.2256914317901293,3.99,1.649019452055627,0
OLS,0.02671672140003627,0.5,4.136340871465097,0
OLS,0.6376917721253801,1.0,3.4681818068252785,0
OLS,1.1338448102981737,1.5,3.016749145213366,0
OLS,1.5815395843558704,2.0,2.5640628790780173,0
OLS,1.9002750761346656,2.5,2.265670761031676,0
OLS,2.349233945742579,3.0,1.9977739364125777,0
OLS,2.57432943189131,3.5,1.777962462261039,0
OLS,2.8473831098525517,3.99,1.649019452055627,0
