model,test_mse,int_par,var_y,rep_id
BCF,0.9812546203371134,0.5,7.525677333655959,0
BCF,1.1323514977871472,1.0,9.621401193458619,0
BCF,1.1880691469943412,1.5,11.32544414870543,0
BCF,1.2995161423127666,2.0,12.976930538371663,0
BCF,1.4005870998158796,2.5,16.276641726651572,0
BCF,1.5265186699717719,3.0,16.83499617118763,0
BCF,1.716251401879523,3.5,16.776611873109225,0
BCF,1.9550406653993209,3.99,14.5786433957156,0
BCF-MLP-large,1.1563538570844116,0.5,7.525677333655959,0
BCF-MLP-large,1.1688749849795677,1.0,9.621401193458619,0
BCF-MLP-large,1.1703458612119535,1.5,11.32544414870543,0
BCF-MLP-large,1.1705846249061487,2.0,12.976930538371663,0
BCF-MLP-large,1.1543651826238448,2.5,16.276641726651572,0
BCF-MLP-large,1.152936990932923,3.0,16.83499617118763,0
BCF-MLP-large,1.1418259337153118,3.5,16.776611873109225,0
BCF-MLP-large,1.1113294159260731,3.99,14.5786433957156,0
IMP,1.092491435884829,0.5,7.525677333655959,0
IMP,1.092491435884829,1.0,9.621401193458619,0
IMP,1.092491435884829,1.5,11.32544414870543,0
IMP,1.092491435884829,2.0,12.976930538371663,0
IMP,1.0924914358848292,2.5,16.276641726651572,0
IMP,1.092491435884829,3.0,16.83499617118763,0
IMP,1.0924914358848292,3.5,16.776611873109225,0
IMP,1.0924914358848292,3.99,14.5786433957156,0
Causal,2.0150087965675807,0.5,7.525677333655959,0
Causal,2.015008796567581,1.0,9.621401193458619,0
Causal,2.0150087965675807,1.5,11.32544414870543,0
Causal,2.015008796567581,2.0,12.976930538371663,0
Causal,2.0150087965675807,2.5,16.276641726651572,0
Causal,2.0150087965675807,3.0,16.83499617118763,0
Causal,2.0150087965675807,3.5,16.776611873109225,0
Causal,2.015008796567581,3.99,14.5786433957156,0
OLS,0.42152244137013195,0.5,7.525677333655959,0
OLS,0.781099952059919,1.0,9.621401193458619,0
OLS,1.1227839222457265,1.5,11.32544414870543,0
OLS,1.4984007625462459,2.0,12.976930538371663,0
OLS,1.794899189775943,2.5,16.276641726651572,0
OLS,1.9755039974378086,3.0,16.83499617118763,0
OLS,2.1902652326823735,3.5,16.776611873109225,0
OLS,2.351774466417073,3.99,14.5786433957156,0
