model,test_mse,int_par,var_y,rep_id
BCF,1.1733144198466052,0.5,2.1847307625475745,0
BCF,1.118919294705855,1.0,2.3269325595206554,0
BCF,1.1520235594793038,1.5,2.448003021221913,0
BCF,1.1871906726403014,2.0,2.491896967893657,0
BCF,1.164187707400553,2.5,2.633511042558264,0
BCF,1.163687613855646,3.0,2.509420373605305,0
BCF,1.1770963800047896,3.5,2.2976110803790912,0
BCF,1.1821269660825573,3.99,1.9445449997579212,0
BCF-MLP-large,1.1578674018953539,0.5,2.1847307625475745,0
BCF-MLP-large,1.1364478371448563,1.0,2.3269325595206554,0
BCF-MLP-large,1.1262643258316616,1.5,2.448003021221913,0
BCF-MLP-large,1.1254730330470115,2.0,2.491896967893657,0
BCF-MLP-large,1.1279617797658041,2.5,2.633511042558264,0
BCF-MLP-large,1.1180451304056833,3.0,2.509420373605305,0
BCF-MLP-large,1.120367992431752,3.5,2.2976110803790912,0
BCF-MLP-large,1.135053800677766,3.99,1.9445449997579212,0
IMP,1.0648619360813332,0.5,2.1847307625475745,0
IMP,1.0648619360813334,1.0,2.3269325595206554,0
IMP,1.0648619360813334,1.5,2.448003021221913,0
IMP,1.0648619360813332,2.0,2.491896967893657,0
IMP,1.0648619360813334,2.5,2.633511042558264,0
IMP,1.0648619360813336,3.0,2.509420373605305,0
IMP,1.0648619360813336,3.5,2.2976110803790912,0
IMP,1.0648619360813334,3.99,1.9445449997579212,0
Causal,2.1540303847546167,0.5,2.1847307625475745,0
Causal,2.1540303847546167,1.0,2.3269325595206554,0
Causal,2.1540303847546167,1.5,2.448003021221913,0
Causal,2.1540303847546167,2.0,2.491896967893657,0
Causal,2.1540303847546167,2.5,2.633511042558264,0
Causal,2.154030384754617,3.0,2.509420373605305,0
Causal,2.1540303847546167,3.5,2.2976110803790912,0
Causal,2.1540303847546167,3.99,1.9445449997579212,0
OLS,0.392993174198274,0.5,2.1847307625475745,0
OLS,0.731629724684419,1.0,2.3269325595206554,0
OLS,1.1542410443435291,1.5,2.448003021221913,0
OLS,1.422059402605189,2.0,2.491896967893657,0
OLS,1.7924150807963632,2.5,2.633511042558264,0
OLS,2.081791351241604,3.0,2.509420373605305,0
OLS,2.3040207261004535,3.5,2.2976110803790912,0
OLS,2.2579579817968205,3.99,1.9445449997579212,0
