model,test_mse,int_par,var_y,rep_id
BCF,1.2000160322497349,0.5,2.823578883920437,0
BCF,1.1481677396800878,1.0,2.370457376916892,0
BCF,1.1401243632620768,1.5,2.128139145082414,0
BCF,1.1217132220154367,2.0,1.9394190366581638,0
BCF,1.1227181126696928,2.5,1.7155427520353792,0
BCF,1.0715103761670128,3.0,1.4073025028316384,0
BCF,1.0131549913801292,3.5,0.9418601985995096,0
BCF,0.9437236486979453,3.99,0.4992028564043417,0
BCF-MLP-large,1.1101917859056527,0.5,2.823578883920437,0
BCF-MLP-large,1.1214563929262165,1.0,2.370457376916892,0
BCF-MLP-large,1.1243484208551495,1.5,2.128139145082414,0
BCF-MLP-large,1.126103998598725,2.0,1.9394190366581638,0
BCF-MLP-large,1.1200612626622668,2.5,1.7155427520353792,0
BCF-MLP-large,1.119350142960875,3.0,1.4073025028316384,0
BCF-MLP-large,1.1174184015296382,3.5,0.9418601985995096,0
BCF-MLP-large,1.1108816184788184,3.99,0.4992028564043417,0
IMP,1.03134674716743,0.5,2.823578883920437,0
IMP,1.03134674716743,1.0,2.370457376916892,0
IMP,1.03134674716743,1.5,2.128139145082414,0
IMP,1.03134674716743,2.0,1.9394190366581638,0
IMP,1.0313467471674302,2.5,1.7155427520353792,0
IMP,1.0313467471674302,3.0,1.4073025028316384,0
IMP,1.03134674716743,3.5,0.9418601985995096,0
IMP,1.0313467471674302,3.99,0.4992028564043417,0
Causal,2.1777627412830673,0.5,2.823578883920437,0
Causal,2.1777627412830673,1.0,2.370457376916892,0
Causal,2.177762741283068,1.5,2.128139145082414,0
Causal,2.1777627412830673,2.0,1.9394190366581638,0
Causal,2.1777627412830673,2.5,1.7155427520353792,0
Causal,2.177762741283068,3.0,1.4073025028316384,0
Causal,2.1777627412830673,3.5,0.9418601985995096,0
Causal,2.1777627412830673,3.99,0.4992028564043417,0
OLS,0.36384852184946465,0.5,2.823578883920437,0
OLS,0.6228016497549337,1.0,2.370457376916892,0
OLS,0.9460879495109564,1.5,2.128139145082414,0
OLS,1.3347831105306913,2.0,1.9394190366581638,0
OLS,1.663481176512827,2.5,1.7155427520353792,0
OLS,1.7530631666066037,3.0,1.4073025028316384,0
OLS,1.8164130558257807,3.5,0.9418601985995096,0
OLS,1.9530942828594944,3.99,0.4992028564043417,0
