model,test_mse,int_par,var_y,rep_id
BCF,0.8589792839696951,0.5,6.459272995416502,0
BCF,1.2379815300650785,1.0,7.087211635761088,0
BCF,1.2782439406252093,1.5,7.082903788953479,0
BCF,1.274440646499871,2.0,6.870770281966716,0
BCF,1.2996134308225482,2.5,7.032980766563761,0
BCF,1.297286672392962,3.0,6.584824351449324,0
BCF,1.336004821136245,3.5,6.191226420479481,0
BCF,1.2811792853928392,3.99,5.760301514497929,0
BCF-MLP-large,0.9090543696674562,0.5,6.459272995416502,0
BCF-MLP-large,0.9265087082494748,1.0,7.087211635761088,0
BCF-MLP-large,0.9296364854460202,1.5,7.082903788953479,0
BCF-MLP-large,0.9324945569330801,2.0,6.870770281966716,0
BCF-MLP-large,0.9392294836993379,2.5,7.032980766563761,0
BCF-MLP-large,0.9358606724095471,3.0,6.584824351449324,0
BCF-MLP-large,0.9126289775099126,3.5,6.191226420479481,0
BCF-MLP-large,0.8531863311204547,3.99,5.760301514497929,0
IMP,0.9023705935087164,0.5,6.459272995416502,0
IMP,0.9023705935087164,1.0,7.087211635761088,0
IMP,0.9023705935087164,1.5,7.082903788953479,0
IMP,0.9023705935087164,2.0,6.870770281966716,0
IMP,0.9023705935087164,2.5,7.032980766563761,0
IMP,0.9023705935087164,3.0,6.584824351449324,0
IMP,0.9023705935087164,3.5,6.191226420479481,0
IMP,0.9023705935087164,3.99,5.760301514497929,0
Causal,1.980301004993552,0.5,6.459272995416502,0
Causal,1.980301004993552,1.0,7.087211635761088,0
Causal,1.980301004993552,1.5,7.082903788953479,0
Causal,1.9803010049935519,2.0,6.870770281966716,0
Causal,1.980301004993552,2.5,7.032980766563761,0
Causal,1.9803010049935519,3.0,6.584824351449324,0
Causal,1.9803010049935519,3.5,6.191226420479481,0
Causal,1.9803010049935519,3.99,5.760301514497929,0
OLS,0.02191266896474589,0.5,6.459272995416502,0
OLS,0.46795411750491417,1.0,7.087211635761088,0
OLS,0.8544032370128504,1.5,7.082903788953479,0
OLS,1.1633177690161978,2.0,6.870770281966716,0
OLS,1.2780482532729818,2.5,7.032980766563761,0
OLS,1.4278910879905546,3.0,6.584824351449324,0
OLS,1.4379138298666125,3.5,6.191226420479481,0
OLS,1.4903030498358356,3.99,5.760301514497929,0
